player_id,team,name,position,ms_targets,prob_rz_given_target,prob_catch_oe,adot,adot_std,xyac,yac_oe,targets
00-0032436,ARI,Jeff Driskel,QB,0.0,0.13,0.01,7.7,9.9,5.64,-0.1,2
00-0030874,ARI,Damien Williams,RB,0.015,0.112,-0.01,5.6,9.1,6.22,-0.06,148
00-0033553,ARI,James Conner,RB,0.057,0.118,0.01,3.4,7.8,6.87,-0.2,277
00-0033725,ARI,Corey Clement,RB,0.0,0.129,0.0,6.4,9.1,5.89,0.46,71
00-0033951,ARI,Marlon Mack,RB,0.001,0.125,-0.01,5.7,8.9,6.08,1.08,97
00-0035860,ARI,Tony Jones,RB,0.009,0.124,-0.02,5.7,8.9,5.88,-0.31,26
00-0036457,ARI,Ty'Son Williams,RB,0.0,0.132,-0.0,6.7,9.1,5.59,0.5,13
00-0036924,ARI,Michael Carter,RB,0.057,0.107,0.01,4.0,7.2,6.25,-0.57,133
00-0038705,ARI,Emari Demercado,RB,0.033,0.072,-0.0,5.7,8.9,6.03,-0.9,16
00-0030061,ARI,Zach Ertz,TE,0.101,0.173,-0.02,7.8,8.4,5.09,-1.25,741
00-0032141,ARI,Geoff Swaim,TE,0.029,0.174,0.02,6.3,8.4,5.46,-0.51,130
00-0037744,ARI,Trey McBride,TE,0.155,0.104,0.06,7.0,8.2,5.35,-0.1,113
00-0039041,ARI,Elijah Higgins,TE,0.016,0.093,-0.03,7.9,9.3,5.56,0.2,8
00-0033251,ARI,Zach Pascal,WR,0.039,0.139,-0.04,8.3,9.4,5.4,-0.35,302
00-0035101,ARI,Davion Davis,WR,0.0,0.13,-0.04,7.7,9.5,5.5,0.39,3
00-0035500,ARI,Greg Dortch,WR,0.063,0.112,0.02,7.3,9.4,5.64,-0.05,89
00-0035510,ARI,Jeff Smith,WR,0.002,0.125,-0.01,9.6,10.8,5.3,-0.4,66
00-0035662,ARI,Marquise Brown,WR,0.231,0.102,-0.04,10.8,11.7,5.23,-0.99,551
00-0035876,ARI,Andre Baccellia,WR,0.0,0.129,0.01,8.3,9.5,5.27,-0.68,10
00-0036936,ARI,Rondale Moore,WR,0.104,0.08,-0.01,6.1,10.7,6.28,-0.33,173
00-0038559,ARI,Michael Wilson,WR,0.088,0.112,0.08,10.6,9.2,5.07,-0.5,39
00-0030968,ATL,Keith Smith,FB,0.006,0.144,0.01,7.3,9.5,5.57,-0.29,45
00-0031800,ATL,Taylor Heinicke,QB,0.0,0.13,0.01,7.6,9.9,5.66,-0.37,1
00-0038122,ATL,Desmond Ridder,QB,0.001,0.124,0.01,7.6,9.9,5.71,-0.55,1
00-0030578,ATL,Cordarrelle Patterson,RB,0.041,0.119,0.0,5.5,9.1,6.16,-0.28,225
00-0036950,ATL,Avery Williams,RB,0.002,0.137,0.04,5.0,8.5,6.22,-0.69,14
00-0037263,ATL,Tyler Allgeier,RB,0.035,0.111,0.0,5.0,8.7,6.31,0.04,34
00-0038542,ATL,Bijan Robinson,RB,0.139,0.116,-0.06,3.5,7.5,6.58,0.16,54
00-0031585,ATL,MyCole Pruitt,TE,0.023,0.24,0.01,7.2,9.1,5.44,0.26,78
00-0033858,ATL,Jonnu Smith,TE,0.101,0.142,0.02,6.7,8.7,5.53,1.12,317
00-0035572,ATL,Parker Hesse,TE,0.001,0.133,0.03,7.4,8.9,5.31,-0.15,17
00-0036825,ATL,Feleipe Franks,TE,0.0,0.13,-0.03,9.3,11.5,5.52,,2
00-0036970,ATL,Kyle Pitts,TE,0.172,0.085,-0.03,10.5,9.8,4.85,-0.61,236
00-0031868,ATL,Damiere Byrd,WR,0.046,0.078,0.01,10.9,11.8,5.13,0.32,205
00-0033555,ATL,Mack Hollins,WR,0.093,0.117,-0.01,11.0,11.4,4.95,-0.53,222
00-0034854,ATL,KhaDarel Hodge,WR,0.034,0.079,0.02,10.4,9.9,5.12,0.46,91
00-0035022,ATL,Penny Hart,WR,0.0,0.128,-0.01,8.1,10.4,5.61,-0.17,17
00-0035246,ATL,J.J. Arcega-Whiteside,WR,0.0,0.13,-0.02,9.5,10.2,5.39,-0.06,34
00-0035298,ATL,Scott Miller,WR,0.027,0.156,0.0,9.9,11.4,5.4,-1.28,151
00-0036415,ATL,Van Jefferson,WR,0.05,0.095,-0.03,12.6,12.1,5.28,-1.17,218
00-0036910,ATL,C.J. Saunders,WR,0.0,0.13,0.02,7.9,9.7,5.46,-0.42,2
00-0036951,ATL,Frank Darby,WR,0.0,0.13,-0.01,9.0,10.5,5.48,0.01,5
00-0037238,ATL,Drake London,WR,0.227,0.143,-0.01,9.9,9.5,5.02,-1.15,190
00-0038149,ATL,Josh Ali,WR,0.0,0.13,-0.01,9.2,9.9,5.52,,1
00-0033376,BAL,Patrick Ricard,FB,0.015,0.143,-0.0,6.3,8.7,5.67,0.21,64
00-0034796,BAL,Lamar Jackson,QB,0.0,0.13,-0.05,7.5,9.6,5.52,,2
00-0032144,BAL,Melvin Gordon,RB,0.038,0.117,-0.0,4.4,7.6,6.14,0.43,323
00-0034184,BAL,Gus Edwards,RB,0.022,0.088,0.02,6.5,8.8,5.56,1.56,36
00-0034975,BAL,Justice Hill,RB,0.038,0.099,0.04,4.9,8.9,6.54,-0.79,58
00-0036158,BAL,J.K. Dobbins,RB,0.018,0.156,0.01,6.1,8.8,5.77,0.2,46
00-0038454,BAL,Keaton Mitchell,RB,0.015,0.133,0.02,6.7,9.7,6.02,1.23,7
00-0031690,BAL,Eric Tomlinson,TE,0.001,0.142,-0.0,7.0,8.8,5.52,0.24,41
00-0034753,BAL,Mark Andrews,TE,0.203,0.185,0.01,8.6,8.1,4.77,-0.01,602
00-0037838,BAL,Isaiah Likely,TE,0.065,0.138,-0.03,6.8,8.6,5.44,-0.12,78
00-0038046,BAL,Charlie Kolar,TE,0.004,0.121,0.01,8.1,9.4,5.38,0.18,8
00-0031235,BAL,Odell Beckham,WR,0.122,0.155,-0.04,10.8,10.9,4.99,0.23,495
00-0031549,BAL,Nelson Agholor,WR,0.08,0.108,0.0,10.9,11.0,5.33,-0.33,516
00-0032951,BAL,Laquon Treadwell,WR,0.002,0.131,0.02,9.3,9.8,5.16,-0.57,173
00-0036331,BAL,Devin Duvernay,WR,0.051,0.139,0.03,8.1,10.8,5.67,-0.67,131
00-0036491,BAL,Tarik Black,WR,0.0,0.13,0.0,8.1,9.6,5.47,-0.18,2
00-0036550,BAL,Rashod Bateman,WR,0.089,0.082,-0.01,10.6,11.1,4.96,-0.48,132
00-0036630,BAL,Tylan Wallace,WR,0.0,0.127,-0.02,8.7,10.8,5.39,-0.22,13
00-0039064,BAL,Zay Flowers,WR,0.236,0.136,0.02,8.2,12.0,5.82,-0.76,80
00-0036187,BUF,Reggie Gilliam,FB,0.006,0.138,0.01,7.4,9.8,5.64,0.06,21
00-0034857,BUF,Josh Allen,QB,0.0,0.13,0.0,7.8,9.9,5.54,0.31,3
00-0030513,BUF,Latavius Murray,RB,0.039,0.121,-0.0,4.2,7.6,6.27,-0.4,188
00-0033856,BUF,Leonard Fournette,RB,0.014,0.132,0.06,1.9,6.1,6.71,0.18,431
00-0034367,BUF,Nyheim Hines,RB,0.006,0.144,0.02,4.5,8.1,6.12,0.04,315
00-0035537,BUF,Ty Johnson,RB,0.037,0.079,-0.05,5.3,8.4,5.94,0.83,134
00-0035657,BUF,Damien Harris,RB,0.026,0.175,-0.0,5.3,8.3,5.84,-0.25,54
00-0037248,BUF,James Cook,RB,0.07,0.112,0.01,4.5,8.1,6.3,0.97,71
00-0035671,BUF,Jace Sternberger,TE,0.0,0.131,0.02,7.6,10.3,5.58,-0.1,19
00-0035689,BUF,Dawson Knox,TE,0.079,0.195,-0.01,7.8,8.8,5.45,-0.3,293
00-0036590,BUF,Quintin Morris,TE,0.01,0.165,0.0,7.7,9.5,5.39,0.07,17
00-0037011,BUF,Tre' McKitty,TE,0.001,0.136,-0.05,6.3,8.4,5.57,-0.3,28
00-0038933,BUF,Dalton Kincaid,TE,0.143,0.102,0.08,5.8,7.3,5.14,-0.49,64
00-0031588,BUF,Stefon Diggs,WR,0.285,0.136,0.02,10.2,11.3,5.02,-0.75,1032
00-0034487,BUF,Trent Sherfield,WR,0.044,0.143,-0.05,9.2,9.5,5.19,0.11,136
00-0034747,BUF,Marcell Ateman,WR,0.0,0.13,-0.07,9.4,10.0,5.42,-0.93,41
00-0035215,BUF,Deonte Harty,WR,0.04,0.137,0.01,8.9,13.9,5.83,-0.2,120
00-0035287,BUF,KeeSean Johnson,WR,0.0,0.13,-0.04,9.1,10.5,5.29,-0.95,65
00-0035527,BUF,Andy Isabella,WR,0.0,0.128,-0.03,9.2,11.1,5.64,-0.29,54
00-0036196,BUF,Gabe Davis,WR,0.146,0.165,-0.03,12.8,10.3,4.87,-0.38,322
00-0036308,BUF,Isaiah Coulter,WR,0.0,0.13,-0.01,8.5,9.9,5.52,,1
00-0037261,BUF,Khalil Shakir,WR,0.053,0.073,0.04,9.2,9.9,5.1,1.23,57
00-0027973,CAR,Andy Dalton,QB,0.0,0.13,0.01,7.5,9.9,5.73,-0.39,2
00-0033556,CAR,Tarik Cohen,RB,0.001,0.13,0.02,4.0,8.5,6.52,-0.72,279
00-0035243,CAR,Miles Sanders,RB,0.07,0.076,-0.05,4.0,8.1,6.39,-0.66,220
00-0036543,CAR,Spencer Brown,RB,0.0,0.129,-0.01,8.1,12.1,5.67,-0.17,4
00-0036555,CAR,Chuba Hubbard,RB,0.068,0.076,0.03,3.7,7.4,6.49,-0.25,86
00-0037429,CAR,Raheem Blackshear,RB,0.015,0.107,0.03,6.2,9.0,5.84,0.54,17
00-0031299,CAR,Jordan Matthews,TE,0.0,0.13,-0.0,9.3,9.7,5.18,0.04,77
00-0034365,CAR,Ian Thomas,TE,0.037,0.121,-0.01,6.3,9.0,5.85,0.2,175
00-0034830,CAR,Hayden Hurst,TE,0.088,0.154,-0.01,6.9,8.2,5.16,-0.58,304
00-0035956,CAR,Giovanni Ricci,TE,0.012,0.106,0.04,7.5,9.5,5.53,0.34,12
00-0036438,CAR,Stephen Sullivan,TE,0.02,0.091,0.03,8.7,9.4,5.21,-0.75,17
00-0037005,CAR,Tommy Tremble,TE,0.048,0.178,0.0,7.4,8.9,5.23,-0.57,83
00-0030035,CAR,Adam Thielen,WR,0.228,0.145,0.04,8.2,8.3,4.96,-1.13,796
00-0034426,CAR,Javon Wims,WR,0.0,0.13,-0.05,10.8,11.1,5.32,-0.9,60
00-0034777,CAR,D.J. Chark,WR,0.098,0.103,-0.01,11.8,10.7,5.35,-0.98,359
00-0036228,CAR,Dezmon Patmon,WR,0.0,0.131,-0.04,8.6,9.9,5.46,-0.08,10
00-0036268,CAR,Laviska Shenault,WR,0.058,0.091,0.02,5.2,8.6,6.23,0.6,221
00-0036482,CAR,Mike Strachan,WR,0.009,0.16,-0.03,9.5,9.8,5.45,-0.01,15
00-0036635,CAR,Ihmir Smith-Marsette,WR,0.006,0.137,-0.0,8.4,9.9,5.51,0.07,11
00-0036955,CAR,Terrace Marshall,WR,0.08,0.117,-0.02,8.6,9.6,5.37,-0.76,107
00-0039062,CAR,Jonathan Mingo,WR,0.164,0.064,-0.08,9.6,9.1,5.02,-0.54,67
00-0035099,CHI,Khari Blasingame,FB,0.008,0.145,-0.02,7.3,9.4,5.59,-0.25,18
00-0033925,CHI,D'Onta Foreman,RB,0.027,0.137,-0.02,5.7,8.5,5.73,0.16,45
00-0035594,CHI,Travis Homer,RB,0.021,0.113,0.02,6.0,8.7,5.82,0.59,66
00-0036906,CHI,Khalil Herbert,RB,0.051,0.116,-0.05,4.9,8.3,6.18,0.05,51
00-0037087,CHI,Trestan Ebner,RB,0.001,0.126,-0.11,6.6,9.1,5.46,-0.17,7
00-0039021,CHI,Roschon Johnson,RB,0.074,0.138,0.04,3.8,7.6,6.57,-0.8,28
00-0024243,CHI,Marcedes Lewis,TE,0.016,0.168,0.01,7.0,9.3,5.53,0.22,139
00-0033757,CHI,Robert Tonyan,TE,0.062,0.13,0.04,6.9,8.8,5.51,-0.44,194
00-0035039,CHI,Stephen Carlson,TE,0.0,0.13,0.0,7.7,9.5,5.45,0.17,9
00-0036290,CHI,Cole Kmet,TE,0.186,0.15,0.05,6.4,8.0,5.41,-0.28,278
00-0033292,CHI,Trent Taylor,WR,0.008,0.113,-0.04,7.3,9.2,5.54,-0.05,135
00-0033471,CHI,Isaiah Ford,WR,0.001,0.132,-0.0,8.4,8.6,5.13,-0.49,97
00-0034279,CHI,Equanimeous St. Brown,WR,0.052,0.113,-0.01,9.9,10.3,5.2,-0.11,113
00-0034827,CHI,D.J. Moore,WR,0.271,0.089,0.03,10.6,11.3,5.25,0.35,707
00-0034860,CHI,Dante Pettis,WR,0.012,0.129,-0.08,8.5,9.1,5.26,-0.35,132
00-0035621,CHI,Nsimba Webster,WR,0.0,0.13,0.0,8.0,9.6,5.41,-0.16,3
00-0036254,CHI,Collin Johnson,WR,0.001,0.128,-0.04,8.9,8.9,5.09,-0.57,52
00-0036309,CHI,Darnell Mooney,WR,0.137,0.119,0.0,10.0,11.6,5.67,-0.44,340
00-0036377,CHI,Joe Reed,WR,0.0,0.13,-0.03,7.5,9.9,5.52,,1
00-0037745,CHI,Velus Jones,WR,0.019,0.115,-0.01,9.4,13.0,5.76,-0.55,19
00-0038941,CHI,Tyler Scott,WR,0.052,0.115,-0.05,9.6,11.5,5.28,-0.95,20
00-0033897,CIN,Joe Mixon,RB,0.107,0.192,0.02,2.1,6.8,6.86,0.33,353
00-0035291,CIN,Trayveon Williams,RB,0.015,0.129,-0.01,6.2,9.1,6.04,-0.64,17
00-0036654,CIN,Demetric Felton,RB,0.002,0.127,0.02,5.8,9.0,6.2,1.19,25
00-0036857,CIN,Chris Evans,RB,0.011,0.147,0.03,7.3,9.5,5.61,0.18,24
00-0038597,CIN,Chase Brown,RB,0.008,0.157,0.02,7.1,9.5,5.82,-0.49,3
00-0034613,CIN,Tanner Hudson,TE,0.058,0.062,0.03,7.0,8.4,5.28,-0.76,55
00-0034970,CIN,Irv Smith,TE,0.059,0.197,-0.02,6.1,8.5,5.34,-0.58,154
00-0035222,CIN,Zach Gentry,TE,0.007,0.127,0.04,5.7,8.4,5.87,-0.34,53
00-0035631,CIN,Drew Sample,TE,0.035,0.11,0.01,6.0,9.0,5.94,-0.16,92
00-0035771,CIN,Mitchell Wilcox,TE,0.022,0.104,0.02,6.7,8.7,5.55,-0.36,33
00-0033009,CIN,Tyler Boyd,WR,0.166,0.105,0.01,7.7,8.0,5.15,-0.39,669
00-0035341,CIN,Trenton Irwin,WR,0.051,0.156,0.01,9.2,10.2,5.03,0.23,57
00-0035399,CIN,Stanley Morgan,WR,0.0,0.131,-0.03,7.9,10.8,5.63,-0.03,15
00-0036410,CIN,Tee Higgins,WR,0.161,0.139,-0.01,10.4,9.0,4.73,0.02,428
00-0036900,CIN,Ja'Marr Chase,WR,0.267,0.151,-0.0,9.1,10.7,5.35,0.58,434
00-0037420,CIN,Kwamie Lassiter,WR,0.003,0.124,0.01,7.7,9.9,5.58,-0.21,1
00-0038576,CIN,Charlie Jones,WR,0.005,0.118,-0.01,7.7,9.7,5.58,-0.02,2
00-0038619,CIN,Andrei Iosivas,WR,0.02,0.164,-0.0,8.8,10.0,5.38,0.09,8
00-0038891,CIN,Shedrick Jackson,WR,0.003,0.124,-0.01,8.7,9.9,5.52,,1
00-0026158,CLE,Joe Flacco,QB,0.0,0.13,0.01,7.6,9.9,5.7,-0.96,1
00-0033275,CLE,P.J. Walker,QB,0.0,0.13,-0.02,8.0,9.9,5.52,,1
00-0033537,CLE,Deshaun Watson,QB,0.0,0.13,0.01,7.8,9.9,5.47,0.1,1
00-0033118,CLE,Kenyan Drake,RB,0.006,0.139,-0.03,4.4,8.6,6.44,0.14,289
00-0033923,CLE,Kareem Hunt,RB,0.048,0.119,0.01,4.1,7.7,6.51,-0.24,281
00-0034400,CLE,Jordan Wilkins,RB,0.0,0.132,-0.01,5.7,8.9,6.13,0.05,53
00-0034791,CLE,Nick Chubb,RB,0.053,0.075,-0.0,4.4,8.2,6.43,0.78,171
00-0034808,CLE,John Kelly,RB,0.0,0.13,-0.01,7.1,9.6,5.65,0.53,3
00-0037267,CLE,Jerome Ford,RB,0.098,0.088,-0.01,3.9,7.5,6.53,-0.81,44
00-0038098,CLE,Pierre Strong,RB,0.008,0.106,0.02,6.6,9.4,5.95,0.34,11
00-0033885,CLE,David Njoku,TE,0.175,0.182,0.0,5.7,7.9,5.78,0.75,409
00-0034364,CLE,Jordan Akins,TE,0.048,0.121,0.0,6.9,8.6,5.39,0.67,231
00-0036194,CLE,Devin Asiasi,TE,0.0,0.129,-0.03,8.7,10.4,5.5,-0.44,11
00-0036232,CLE,Harrison Bryant,TE,0.045,0.18,0.02,7.0,8.5,5.34,-0.67,122
00-0030068,CLE,Marquise Goodwin,WR,0.04,0.098,-0.03,10.9,11.0,5.34,-0.22,263
00-0031544,CLE,Amari Cooper,WR,0.222,0.119,0.01,11.6,9.9,4.72,-0.36,805
00-0032791,CLE,Jakeem Grant,WR,0.001,0.128,0.0,8.5,10.8,5.52,0.28,160
00-0034930,CLE,Trinity Benson,WR,0.001,0.128,-0.1,8.0,9.4,5.39,0.03,22
00-0036133,CLE,James Proche,WR,0.002,0.128,-0.01,8.2,9.1,5.23,-0.56,39
00-0036877,CLE,Jaelon Darden,WR,0.0,0.127,-0.02,8.9,11.8,5.86,-0.51,14
00-0036980,CLE,Elijah Moore,WR,0.171,0.118,0.0,10.4,10.4,5.32,-1.35,226
00-0037257,CLE,David Bell,WR,0.039,0.101,-0.01,7.3,8.4,5.24,-0.64,46
00-0037300,CLE,Mike Woods,WR,0.001,0.133,-0.02,10.0,11.3,5.28,-0.08,10
00-0038979,CLE,Cedric Tillman,WR,0.041,0.14,-0.04,10.0,11.2,5.38,-0.63,20
00-0033077,DAL,Dak Prescott,QB,0.0,0.13,0.01,8.1,9.9,5.39,0.01,2
00-0034816,DAL,Ronald Jones,RB,0.002,0.128,-0.04,4.6,7.8,6.17,-0.0,107
00-0035261,DAL,Tony Pollard,RB,0.108,0.175,0.01,3.2,7.1,6.51,0.02,219
00-0036139,DAL,Rico Dowdle,RB,0.029,0.175,0.02,5.2,8.6,6.36,0.22,12
00-0037563,DAL,Malik Davis,RB,0.0,0.133,0.01,6.3,9.0,5.76,0.89,7
00-0038622,DAL,Deuce Vaughn,RB,0.014,0.1,0.03,6.6,9.2,5.84,-0.48,6
00-0038738,DAL,Hunter Luepke,RB,0.007,0.113,-0.02,7.2,9.5,5.58,-0.18,3
00-0036032,DAL,Sean McKeon,TE,0.005,0.15,-0.03,7.7,9.5,5.48,-0.23,11
00-0037569,DAL,Peyton Hendershot,TE,0.017,0.144,0.01,7.7,9.3,5.66,-0.3,18
00-0038041,DAL,Jake Ferguson,TE,0.129,0.25,-0.01,6.3,8.3,5.41,0.62,89
00-0038547,DAL,Luke Schoonmaker,TE,0.034,0.224,-0.07,7.3,9.2,5.31,0.14,14
00-0031236,DAL,Brandin Cooks,WR,0.148,0.114,0.02,10.5,11.1,5.21,-0.93,746
00-0031373,DAL,Martavis Bryant,WR,0.0,0.13,0.01,11.8,13.4,5.4,-0.17,115
00-0034764,DAL,Michael Gallup,WR,0.119,0.117,-0.05,10.3,10.0,5.07,-0.66,493
00-0035457,DAL,Tyron Johnson,WR,0.001,0.128,0.07,11.7,13.2,5.44,-0.65,32
00-0036358,DAL,CeeDee Lamb,WR,0.275,0.152,0.05,9.8,10.2,5.19,-0.17,529
00-0037666,DAL,Jalen Tolbert,WR,0.065,0.117,-0.02,10.5,10.5,5.14,-0.96,32
00-0037801,DAL,Kavontae Turpin,WR,0.035,0.227,0.0,8.5,11.4,5.31,-0.13,19
00-0038640,DAL,Jalen Brooks,WR,0.012,0.104,0.04,7.9,9.7,5.48,0.04,5
00-0031595,DEN,Michael Burton,FB,0.003,0.123,0.0,7.4,9.6,5.54,0.01,20
00-0029263,DEN,Russell Wilson,QB,0.0,0.13,0.01,7.7,9.9,5.59,-0.27,2
00-0032450,DEN,Dwayne Washington,RB,0.0,0.13,0.01,7.7,9.8,5.57,-0.07,6
00-0033526,DEN,Samaje Perine,RB,0.099,0.111,0.02,3.3,7.0,6.47,1.07,178
00-0036997,DEN,Javonte Williams,RB,0.1,0.114,-0.01,3.0,7.4,6.65,-0.41,112
00-0037085,DEN,Tyler Badie,RB,0.0,0.13,0.01,7.5,9.9,5.68,0.98,1
00-0038794,DEN,Jaleel McLaughlin,RB,0.065,0.177,0.03,2.6,7.7,7.45,-0.59,23
00-0031484,DEN,Chris Manhertz,TE,0.01,0.136,-0.01,7.3,9.4,5.53,-0.05,39
00-0036422,DEN,Adam Trautman,TE,0.064,0.206,-0.0,7.3,9.0,5.27,-0.17,109
00-0037252,DEN,Greg Dulcich,TE,0.059,0.08,-0.0,9.8,11.7,5.3,-0.18,59
00-0037539,DEN,Lucas Krull,TE,0.005,0.164,-0.05,7.7,9.8,5.52,,2
00-0038783,DEN,Nate Adkins,TE,0.012,0.104,-0.0,6.7,9.3,5.75,-0.25,5
00-0032208,DEN,Phillip Dorsett,WR,0.049,0.089,-0.03,9.9,10.1,5.46,-0.97,183
00-0033375,DEN,Tim Patrick,WR,0.008,0.13,0.01,10.8,10.3,4.79,-0.07,236
00-0034348,DEN,Courtland Sutton,WR,0.222,0.173,0.0,11.3,10.2,5.03,-1.53,495
00-0034765,DEN,Tre'Quan Smith,WR,0.007,0.127,0.02,9.5,9.7,4.89,-0.02,204
00-0035359,DEN,David Sills,WR,0.002,0.13,-0.02,8.0,8.8,5.28,-0.31,23
00-0035406,DEN,Lil'Jordan Humphrey,WR,0.022,0.149,0.02,8.3,9.5,5.33,0.64,38
00-0035864,DEN,Kendall Hinton,WR,0.006,0.128,0.03,8.5,9.2,5.08,0.5,56
00-0036407,DEN,Jerry Jeudy,WR,0.172,0.127,0.03,10.5,12.0,5.42,-0.18,324
00-0036959,DEN,Michael Bandy,WR,0.001,0.124,-0.08,8.1,10.3,5.54,-1.03,21
00-0037382,DEN,Brandon Johnson,WR,0.03,0.194,-0.02,8.8,11.5,5.44,-0.06,26
00-0037387,DEN,Jalen Virgil,WR,0.0,0.128,-0.03,8.9,11.0,5.51,1.46,5
00-0038976,DEN,Marvin Mims,WR,0.065,0.084,0.04,11.7,15.1,6.07,-0.15,23
00-0034171,DET,Jason Cabinda,FB,0.0,0.132,-0.05,7.2,9.4,5.46,-0.32,14
00-0033106,DET,Jared Goff,QB,0.0,0.13,0.01,7.8,9.9,5.58,-0.12,1
00-0035040,DET,David Blough,QB,0.0,0.13,0.01,8.2,9.9,5.41,0.14,1
00-0034440,DET,Justin Jackson,RB,0.002,0.139,-0.01,5.0,8.8,6.08,0.7,102
00-0035184,DET,Devine Ozigbo,RB,0.001,0.124,0.02,7.4,9.7,5.64,-0.27,17
00-0035217,DET,Benny Snell,RB,0.0,0.129,-0.0,6.3,9.1,5.95,0.06,27
00-0035567,DET,Craig Reynolds,RB,0.007,0.098,0.03,6.4,9.1,5.93,0.93,24
00-0035685,DET,David Montgomery,RB,0.048,0.09,0.02,4.5,7.9,6.29,0.49,209
00-0036670,DET,Jermar Jefferson,RB,0.0,0.13,-0.0,6.9,9.3,5.68,-0.28,5
00-0037157,DET,Zonovan Knight,RB,0.008,0.131,0.05,5.2,8.7,6.31,0.59,15
00-0039139,DET,Jahmyr Gibbs,RB,0.109,0.062,-0.01,3.3,6.9,6.34,-0.66,54
00-0033258,DET,Darrell Daniels,TE,0.0,0.129,-0.04,7.2,9.8,5.74,-0.05,36
00-0033455,DET,Anthony Firkser,TE,0.003,0.128,0.02,7.3,8.0,5.07,-0.48,161
00-0035428,DET,Daniel Helm,TE,0.0,0.131,-0.02,7.6,9.7,5.65,-0.36,2
00-0036534,DET,Shane Zylstra,TE,0.001,0.14,-0.01,7.1,8.8,5.42,-0.73,22
00-0036754,DET,Brock Wright,TE,0.02,0.134,0.02,6.3,8.5,5.43,0.6,53
00-0037282,DET,James Mitchell,TE,0.0,0.128,0.07,7.1,8.7,5.27,0.56,11
00-0039065,DET,Sam LaPorta,TE,0.193,0.119,0.03,7.7,7.7,4.95,-0.29,86
00-0029293,DET,Marvin Jones,WR,0.086,0.142,-0.0,11.2,9.6,4.73,-1.31,595
00-0032464,DET,Kalif Raymond,WR,0.071,0.111,0.04,8.9,11.0,5.54,0.12,197
00-0033943,DET,Josh Reynolds,WR,0.081,0.157,-0.0,10.2,9.2,4.95,-0.15,375
00-0034339,DET,Trey Quinn,WR,0.0,0.13,-0.06,7.4,8.9,5.12,-1.13,57
00-0034395,DET,Daurice Fountain,WR,0.0,0.13,-0.0,8.1,9.6,5.4,-0.33,3
00-0035544,DET,Tom Kennedy,WR,0.001,0.127,-0.04,8.2,9.1,5.32,1.02,25
00-0036233,DET,Donovan Peoples-Jones,WR,0.073,0.105,-0.0,10.6,10.1,4.97,-0.67,197
00-0036963,DET,Amon-Ra St. Brown,WR,0.26,0.135,0.03,7.4,7.7,4.94,0.2,379
00-0037240,DET,Jameson Williams,WR,0.034,0.083,-0.04,11.5,13.0,5.52,-0.47,33
00-0037708,DET,Maurice Alexander,WR,0.0,0.13,0.01,7.9,9.9,5.51,-0.06,1
00-0038627,DET,Antoine Green,WR,0.002,0.164,-0.01,7.9,9.8,5.54,-0.24,2
00-0033293,GB,Aaron Jones,RB,0.1,0.182,-0.01,3.0,7.9,6.81,0.5,376
00-0035831,GB,James Robinson,RB,0.03,0.124,-0.0,4.3,7.9,6.37,-0.12,121
00-0035973,GB,Patrick Taylor,RB,0.026,0.114,-0.06,6.0,8.6,5.69,-0.37,15
00-0036265,GB,A.J. Dillon,RB,0.063,0.091,-0.01,4.1,7.5,6.16,1.01,108
00-0038797,GB,Emanuel Wilson,RB,0.011,0.104,0.01,6.8,9.3,5.8,-0.07,5
00-0036250,GB,Tyler Davis,TE,0.001,0.128,-0.02,7.4,9.8,5.67,-0.18,14
00-0036332,GB,Josiah Deguara,TE,0.025,0.109,0.03,6.5,9.0,5.71,0.05,59
00-0038809,GB,Ben Sims,TE,0.009,0.15,0.0,7.1,9.3,5.6,0.02,4
00-0038996,GB,Tucker Kraft,TE,0.035,0.217,-0.01,6.3,8.9,5.4,0.66,15
00-0039144,GB,Luke Musgrave,TE,0.11,0.132,0.05,7.7,10.2,5.94,-0.84,45
00-0037098,GB,Samori Toure,WR,0.023,0.091,-0.01,11.5,12.3,5.53,-0.8,21
00-0037816,GB,Romeo Doubs,WR,0.169,0.163,0.0,10.4,11.1,5.24,-1.16,141
00-0038124,GB,Christian Watson,WR,0.125,0.2,-0.0,12.5,13.0,5.57,0.16,118
00-0038393,GB,Dontayvion Wicks,WR,0.087,0.136,0.03,9.8,8.1,5.09,0.78,36
00-0038465,GB,Malik Heath,WR,0.028,0.113,-0.03,8.7,8.9,5.31,-0.21,12
00-0039146,GB,Jayden Reed,WR,0.159,0.186,0.01,10.0,11.8,5.66,-0.66,64
00-0034959,HOU,Andrew Beck,FB,0.012,0.171,-0.03,6.9,9.3,5.58,-0.28,30
00-0037456,HOU,Troy Hairston,FB,0.0,0.13,-0.02,6.5,8.9,5.54,-0.73,8
00-0039163,HOU,C.J. Stroud,QB,0.001,0.124,0.01,7.7,9.9,5.58,-0.31,1
00-0033854,HOU,Dare Ogunbowale,RB,0.026,0.112,-0.01,4.7,8.0,6.18,-0.45,113
00-0034208,HOU,Mike Boone,RB,0.016,0.105,-0.02,6.4,9.0,5.69,0.05,35
00-0035250,HOU,Devin Singletary,RB,0.058,0.134,-0.01,3.5,7.3,6.36,-0.16,249
00-0036096,HOU,J.J. Taylor,RB,0.0,0.13,0.01,7.4,9.6,5.66,-0.49,7
00-0036650,HOU,Larry Rountree,RB,0.0,0.129,0.0,7.1,9.6,5.86,0.13,4
00-0037258,HOU,Dameon Pierce,RB,0.034,0.098,0.01,4.5,7.8,6.37,-0.25,52
00-0033576,HOU,Eric Saubert,TE,0.023,0.124,-0.01,7.9,9.5,5.54,-0.16,53
00-0033798,HOU,Mason Schreck,TE,0.0,0.13,0.01,7.7,9.7,5.48,-0.44,3
00-0034383,HOU,Dalton Schultz,TE,0.147,0.174,-0.01,7.7,7.8,4.98,-0.27,389
00-0036225,HOU,Dalton Keene,TE,0.0,0.13,-0.01,8.1,9.8,5.43,-0.55,5
00-0036556,HOU,Brevin Jordan,TE,0.027,0.112,-0.02,7.4,9.0,5.6,0.44,67
00-0037277,HOU,Teagan Quitoriano,TE,0.009,0.159,-0.02,8.7,9.7,5.5,0.72,17
00-0030431,HOU,Robert Woods,WR,0.152,0.152,-0.05,8.6,8.0,4.99,-0.67,760
00-0032009,HOU,Adam Humphries,WR,0.004,0.127,0.0,7.4,7.8,5.06,-0.67,337
00-0033591,HOU,Noah Brown,WR,0.079,0.121,0.0,9.5,10.3,5.38,0.34,179
00-0034928,HOU,Steven Sims,WR,0.025,0.097,-0.01,6.9,9.0,5.76,-0.16,121
00-0036554,HOU,Nico Collins,WR,0.176,0.147,0.02,10.4,10.2,5.35,1.05,211
00-0037614,HOU,John Metchie,WR,0.029,0.1,0.02,8.4,9.9,5.52,0.09,16
00-0038618,HOU,Xavier Hutchinson,WR,0.006,0.108,-0.01,8.6,9.8,5.56,-0.05,4
00-0038977,HOU,Tank Dell,WR,0.178,0.112,0.01,12.5,10.8,4.83,-0.56,75
00-0035289,IND,Gardner Minshew,QB,0.0,0.13,0.0,7.5,9.9,5.7,-0.15,1
00-0036223,IND,Jonathan Taylor,RB,0.056,0.135,0.0,3.5,7.6,6.73,0.4,153
00-0036251,IND,Zack Moss,RB,0.049,0.155,0.0,4.3,7.9,6.12,-0.08,93
00-0036278,IND,Jason Huntley,RB,0.0,0.13,-0.02,7.6,9.8,5.55,-0.32,3
00-0036984,IND,Trey Sermon,RB,0.008,0.108,-0.05,7.2,9.4,5.54,-0.08,8
00-0037120,IND,Tyler Goodson,RB,0.004,0.118,0.01,7.3,9.7,5.8,-0.04,2
00-0038397,IND,Evan Hull,RB,0.002,0.124,0.01,7.9,9.9,5.51,-0.1,1
00-0033217,IND,Mo Alie-Cox,TE,0.036,0.114,-0.01,7.9,9.1,5.29,0.69,151
00-0033611,IND,Ricky Seals-Jones,TE,0.003,0.138,-0.05,6.8,8.5,5.6,-0.33,168
00-0036876,IND,Kylen Granson,TE,0.072,0.131,-0.01,7.4,9.4,5.49,-0.49,89
00-0037292,IND,Andrew Ogletree,TE,0.04,0.095,-0.04,9.0,9.7,5.21,-0.08,18
00-0037755,IND,Jelani Woods,TE,0.007,0.133,0.0,9.1,9.4,5.17,0.39,40
00-0038394,IND,Will Mallory,TE,0.033,0.103,-0.04,8.1,9.1,5.49,0.18,15
00-0032054,IND,Breshad Perriman,WR,0.003,0.119,-0.04,10.8,11.4,5.47,0.28,228
00-0033466,IND,Isaiah McKenzie,WR,0.06,0.123,0.01,7.4,9.5,5.53,-0.68,234
00-0034353,IND,Anthony Miller,WR,0.002,0.13,-0.01,8.9,9.7,5.27,-1.01,234
00-0034631,IND,Vyncint Smith,WR,0.0,0.13,-0.03,9.7,10.4,5.2,0.66,47
00-0034676,IND,James Washington,WR,0.004,0.134,-0.02,11.1,11.0,5.38,-0.59,228
00-0034867,IND,Malik Turner,WR,0.001,0.135,0.03,8.2,8.8,5.07,1.16,44
00-0035021,IND,Ashton Dulin,WR,0.003,0.132,0.01,9.7,10.9,5.26,-0.62,52
00-0035045,IND,D.J. Montgomery,WR,0.0,0.13,-0.01,7.8,9.1,5.39,0.12,6
00-0035593,IND,Juwann Winfree,WR,0.007,0.127,-0.03,8.1,9.6,5.42,-0.19,18
00-0036252,IND,Michael Pittman,WR,0.289,0.135,0.02,7.8,8.4,5.02,-0.38,468
00-0036412,IND,K.J. Hamler,WR,0.002,0.122,-0.0,12.2,12.3,5.45,-0.54,80
00-0036439,IND,Tyrie Cleveland,WR,0.0,0.13,-0.04,9.0,10.5,5.45,0.06,17
00-0036652,IND,Racey McMath,WR,0.001,0.132,-0.05,10.4,11.1,5.85,-0.61,14
00-0036991,IND,Amari Rodgers,WR,0.015,0.108,-0.0,8.5,10.3,5.47,-0.28,35
00-0037664,IND,Alec Pierce,WR,0.113,0.098,-0.03,11.6,10.5,5.28,-1.35,123
00-0038997,IND,Josh Downs,WR,0.19,0.129,-0.0,7.3,9.3,5.31,0.2,78
00-0035628,JAX,D'Ernest Johnson,RB,0.022,0.094,0.01,6.1,8.9,5.94,1.24,47
00-0036973,JAX,Travis Etienne,RB,0.109,0.076,-0.01,2.7,7.8,7.03,0.99,97
00-0038555,JAX,Tank Bigsby,RB,0.01,0.108,-0.06,7.3,9.3,5.56,-0.08,4
00-0033881,JAX,Evan Engram,TE,0.197,0.079,0.02,5.9,8.0,5.59,-0.08,623
00-0036887,JAX,Luke Farrell,TE,0.025,0.112,0.02,6.8,8.7,5.48,0.84,27
00-0038935,JAX,Brenton Strange,TE,0.017,0.17,-0.02,8.2,10.2,5.68,0.23,7
00-0033572,JAX,Jamal Agnew,WR,0.043,0.158,0.02,7.5,9.8,5.62,-0.5,109
00-0033891,JAX,Zay Jones,WR,0.134,0.182,-0.0,9.2,10.0,5.07,-1.19,487
00-0034775,JAX,Christian Kirk,WR,0.225,0.107,-0.0,9.3,9.8,5.13,-0.54,613
00-0034837,JAX,Calvin Ridley,WR,0.199,0.153,0.01,11.3,9.5,5.06,-1.19,454
00-0036497,JAX,Tim Jones,WR,0.019,0.093,0.01,7.4,9.0,5.37,-0.37,13
00-0036657,JAX,Seth Williams,WR,0.0,0.13,0.02,8.7,9.9,5.58,-0.16,1
00-0036918,JAX,Jacob Harris,WR,0.0,0.13,0.01,7.9,9.9,5.47,-0.09,1
00-0033873,KC,Patrick Mahomes,QB,0.0,0.13,-0.01,7.7,10.1,5.68,0.13,3
00-0031376,KC,Jerick McKinnon,RB,0.066,0.155,-0.02,3.5,7.6,6.63,1.23,271
00-0036269,KC,La'Mical Perine,RB,0.005,0.121,-0.01,7.0,9.6,5.81,-0.47,16
00-0036360,KC,Clyde Edwards-Helaire,RB,0.02,0.142,-0.03,4.7,8.2,6.15,0.57,118
00-0037197,KC,Isiah Pacheco,RB,0.066,0.136,0.03,2.5,7.3,7.2,0.57,59
00-0037299,KC,Keaontay Ingram,RB,0.001,0.127,0.02,6.8,9.4,5.86,-0.09,9
00-0030506,KC,Travis Kelce,TE,0.228,0.162,0.04,7.4,7.6,4.82,0.69,1070
00-0032062,KC,Blake Bell,TE,0.009,0.143,-0.01,7.2,9.3,5.55,-0.15,71
00-0035547,KC,Joe Fortson,TE,0.001,0.15,-0.02,7.6,9.6,5.3,0.09,19
00-0035603,KC,Kendall Blanton,TE,0.0,0.132,0.01,7.2,9.2,5.53,0.35,16
00-0036637,KC,Noah Gray,TE,0.051,0.093,0.03,7.3,8.6,5.47,0.18,81
00-0033460,KC,John Ross,WR,0.001,0.127,-0.02,11.4,11.7,5.26,0.16,142
00-0034272,KC,Marquez Valdes-Scantling,WR,0.084,0.141,-0.05,13.4,12.1,5.25,-0.17,387
00-0034286,KC,Richie James,WR,0.089,0.108,0.05,7.4,8.1,5.12,-0.91,150
00-0034386,KC,Justin Watson,WR,0.066,0.118,-0.03,13.7,11.6,5.22,-1.19,116
00-0035140,KC,Mecole Hardman,WR,0.039,0.165,0.01,7.6,11.4,6.07,0.63,264
00-0036913,KC,Kadarius Toney,WR,0.054,0.142,-0.0,5.8,8.8,5.85,-0.54,117
00-0037216,KC,Justyn Ross,WR,0.01,0.139,-0.04,8.1,9.2,5.33,-0.14,6
00-0037272,KC,Montrell Washington,WR,0.001,0.124,-0.03,10.1,14.2,6.02,-1.08,9
00-0038090,KC,Skyy Moore,WR,0.068,0.14,-0.06,8.2,9.3,5.41,0.18,78
00-0039067,KC,Rashee Rice,WR,0.143,0.195,0.04,5.5,7.6,5.53,2.08,65
00-0026498,LA,Matthew Stafford,QB,0.0,0.13,-0.02,8.0,9.9,5.52,,2
00-0032950,LA,Carson Wentz,QB,0.0,0.13,0.01,7.6,9.9,5.68,-0.07,1
00-0034838,LA,Royce Freeman,RB,0.011,0.112,-0.0,5.7,8.6,5.95,-0.31,108
00-0034845,LA,Sony Michel,RB,0.002,0.121,-0.05,4.7,7.9,6.19,-0.45,95
00-0035664,LA,Darrell Henderson,RB,0.033,0.153,-0.01,5.0,9.0,6.33,0.38,111
00-0037557,LA,Ronnie Rivers,RB,0.007,0.114,0.02,6.6,9.4,6.06,-0.18,9
00-0037840,LA,Kyren Williams,RB,0.063,0.22,-0.06,4.1,8.0,6.46,1.12,47
00-0033110,LA,Tyler Higbee,TE,0.142,0.121,-0.02,5.9,7.2,5.24,0.13,503
00-0036424,LA,Brycen Hopkins,TE,0.01,0.135,0.01,8.0,9.3,5.39,0.13,20
00-0036692,LA,Miller Forristall,TE,0.0,0.13,-0.02,7.9,9.9,5.52,,1
00-0037004,LA,Hunter Long,TE,0.0,0.13,-0.03,7.7,9.7,5.5,-0.01,4
00-0039074,LA,Davis Allen,TE,0.001,0.172,0.01,7.8,9.9,5.51,0.03,1
00-0032775,LA,Demarcus Robinson,WR,0.081,0.138,0.01,8.8,9.3,4.95,-0.49,337
00-0033908,LA,Cooper Kupp,WR,0.172,0.131,0.03,8.3,9.7,5.35,0.46,818
00-0036427,LA,Tyler Johnson,WR,0.003,0.134,-0.04,7.7,8.8,5.15,-0.42,85
00-0036841,LA,Austin Trammell,WR,0.011,0.099,-0.02,7.3,10.8,5.76,-0.0,11
00-0036849,LA,Tutu Atwell,WR,0.124,0.081,0.01,11.0,10.6,5.1,-1.15,97
00-0036862,LA,Ben Skowronek,WR,0.047,0.136,-0.01,8.1,9.9,5.52,-1.02,96
00-0039075,LA,Puka Nacua,WR,0.293,0.091,0.02,9.0,8.8,5.09,0.39,118
00-0036355,LAC,Justin Herbert,QB,0.002,0.139,0.01,7.3,9.8,5.74,-0.16,3
00-0033699,LAC,Austin Ekeler,RB,0.128,0.16,-0.01,1.8,6.9,6.98,0.94,542
00-0036370,LAC,Joshua Kelley,RB,0.024,0.104,-0.04,5.7,8.5,5.92,-0.39,66
00-0036755,LAC,Jaret Patterson,RB,0.0,0.128,0.02,6.2,8.9,5.95,-0.03,12
00-0037331,LAC,Zander Horvath,RB,0.0,0.135,-0.03,6.5,9.0,5.52,-0.67,8
00-0038045,LAC,Isaiah Spiller,RB,0.005,0.147,0.02,7.2,9.5,5.73,-0.08,6
00-0038862,LAC,Elijah Dotson,RB,0.003,0.118,0.01,7.5,9.6,5.63,-0.02,2
00-0032394,LAC,Nick Vannett,TE,0.001,0.131,-0.01,7.0,8.9,5.43,0.38,126
00-0032725,LAC,Stephen Anderson,TE,0.001,0.126,-0.0,6.9,9.3,5.7,0.3,88
00-0033895,LAC,Gerald Everett,TE,0.093,0.178,0.0,6.2,8.0,5.46,0.4,408
00-0035329,LAC,Donald Parham,TE,0.058,0.225,-0.01,7.7,8.8,5.29,-0.12,97
00-0037475,LAC,Stone Smartt,TE,0.021,0.14,-0.09,8.1,9.7,5.47,0.4,17
00-0030279,LAC,Keenan Allen,WR,0.278,0.125,0.05,8.9,9.2,4.96,-0.66,999
00-0032543,LAC,Alex Erickson,WR,0.013,0.105,-0.0,8.8,9.4,5.35,-0.14,149
00-0033536,LAC,Mike Williams,WR,0.108,0.135,0.02,10.8,11.3,5.18,0.21,528
00-0035120,LAC,Keelan Doss,WR,0.0,0.13,0.03,8.3,9.1,5.3,0.18,14
00-0035181,LAC,Darrius Shepherd,WR,0.0,0.13,-0.01,9.3,11.7,5.33,-0.08,10
00-0035414,LAC,Jalen Guyton,WR,0.039,0.163,-0.04,9.8,11.1,5.24,0.14,124
00-0036398,LAC,John Hightower,WR,0.0,0.13,-0.04,15.2,14.9,5.73,-0.22,28
00-0036646,LAC,Simi Fehoko,WR,0.004,0.143,0.0,8.3,10.4,5.43,0.0,6
00-0036988,LAC,Josh Palmer,WR,0.104,0.126,-0.01,9.4,10.1,5.08,-0.55,200
00-0038544,LAC,Quentin Johnston,WR,0.094,0.134,-0.02,10.0,11.1,5.46,-0.93,44
00-0038573,LAC,Derius Davis,WR,0.025,0.109,0.04,4.8,8.9,6.75,-0.71,13
00-0035726,LV,Jakob Johnson,FB,0.007,0.113,0.0,7.2,9.3,5.54,-0.4,25
00-0031345,LV,Jimmy Garoppolo,QB,0.0,0.13,0.0,7.6,9.9,5.67,-0.48,1
00-0029239,LV,Brandon Bolden,RB,0.003,0.133,0.04,4.5,8.1,6.36,0.73,82
00-0032104,LV,Ameer Abdullah,RB,0.04,0.122,0.01,5.2,8.6,6.16,-0.01,172
00-0035148,LV,Darwin Thompson,RB,0.0,0.13,-0.04,5.2,8.6,6.23,0.35,23
00-0035187,LV,Austin Walter,RB,0.0,0.13,-0.01,7.1,9.6,5.72,0.03,4
00-0035700,LV,Josh Jacobs,RB,0.114,0.115,-0.02,3.2,6.7,6.48,0.22,257
00-0038040,LV,Zamir White,RB,0.011,0.139,0.04,7.0,9.1,5.53,-0.33,6
00-0032135,LV,Jesse James,TE,0.0,0.133,0.0,7.2,8.9,5.46,-0.15,159
00-0032392,LV,Austin Hooper,TE,0.07,0.094,0.01,7.1,7.9,5.12,-0.21,477
00-0033387,LV,Jacob Hollister,TE,0.001,0.135,-0.05,7.0,8.5,5.25,-0.49,145
00-0035562,LV,Jesper Horsted,TE,0.003,0.137,0.01,7.9,9.7,5.45,-0.22,18
00-0039066,LV,Michael Mayer,TE,0.076,0.125,-0.0,7.0,8.4,5.36,0.66,33
00-0031381,LV,Davante Adams,WR,0.311,0.149,-0.01,10.8,10.7,4.93,-0.21,1083
00-0031763,LV,DeAndre Carter,WR,0.044,0.137,0.01,8.4,10.2,5.45,-0.4,166
00-0033681,LV,Keelan Cole,WR,0.006,0.13,-0.0,11.1,10.3,5.13,-0.79,351
00-0034593,LV,Chris Lacy,WR,0.0,0.13,-0.04,8.9,10.7,5.43,-0.19,10
00-0034960,LV,Jakobi Meyers,WR,0.189,0.133,0.03,9.5,9.0,4.89,-1.0,429
00-0034983,LV,Hunter Renfrow,WR,0.084,0.134,0.03,6.9,8.5,5.39,-0.34,365
00-0035126,LV,Antoine Wesley,WR,0.001,0.132,-0.06,9.4,10.5,5.25,-0.41,34
00-0036100,LV,Isaiah Zuber,WR,0.0,0.13,0.01,7.5,9.7,5.68,0.63,2
00-0036183,LV,Kristian Wilkerson,WR,0.0,0.13,-0.03,9.8,11.2,5.44,-0.15,8
00-0036527,LV,D.J. Turner,WR,0.0,0.131,-0.03,7.7,9.9,5.52,,1
00-0038563,LV,Tre Tucker,WR,0.039,0.095,-0.04,11.7,12.3,5.53,-0.84,18
00-0035125,MIA,Alec Ingold,FB,0.023,0.136,-0.01,6.3,8.9,5.66,-0.05,69
00-0031687,MIA,Raheem Mostert,RB,0.059,0.142,-0.02,4.1,8.2,6.43,0.13,121
00-0034115,MIA,Jeffery Wilson,RB,0.023,0.121,-0.05,5.5,8.0,5.67,0.17,108
00-0036020,MIA,Salvon Ahmed,RB,0.042,0.167,-0.04,5.1,8.6,6.12,-0.1,62
00-0036297,MIA,Darrynton Evans,RB,0.003,0.134,-0.05,5.5,9.0,6.09,0.32,19
00-0036860,MIA,Jake Funk,RB,0.0,0.13,0.01,7.8,9.9,5.56,0.24,1
00-0039040,MIA,Devon Achane,RB,0.032,0.183,-0.01,4.7,8.6,6.36,0.86,16
00-0032214,MIA,Tyler Kroft,TE,0.001,0.128,0.01,7.7,9.1,5.31,-0.01,130
00-0034798,MIA,Durham Smythe,TE,0.045,0.159,0.02,6.9,8.4,5.25,-0.31,140
00-0038720,MIA,Julian Hill,TE,0.01,0.139,-0.02,7.4,9.2,5.51,0.06,6
00-0032688,MIA,Robbie  Chosen,WR,0.059,0.099,-0.04,10.7,11.3,5.42,-0.61,595
00-0033040,MIA,Tyreek Hill,WR,0.312,0.119,0.05,10.5,11.7,5.57,-0.0,1048
00-0034054,MIA,River Cracraft,WR,0.018,0.179,0.01,8.1,8.9,5.2,0.28,35
00-0034366,MIA,Keke Coutee,WR,0.0,0.131,0.02,8.2,9.7,5.45,0.07,133
00-0034418,MIA,Cedrick Wilson,WR,0.04,0.092,0.01,9.6,10.1,5.26,-0.05,144
00-0034419,MIA,Braxton Berrios,WR,0.057,0.115,0.01,7.5,9.4,5.54,-0.48,190
00-0036247,MIA,Freddie Swain,WR,0.003,0.127,-0.03,8.3,11.2,5.8,0.86,68
00-0036326,MIA,Chase Claypool,WR,0.067,0.115,-0.04,10.0,10.5,5.19,-0.56,323
00-0036613,MIA,Jaylen Waddle,WR,0.203,0.103,0.02,9.9,10.1,5.3,0.44,347
00-0036999,MIA,Anthony Schwartz,WR,0.002,0.123,-0.05,10.7,12.2,5.36,-0.37,33
00-0037348,MIA,Tanner Conner,WR,0.0,0.129,-0.06,7.9,9.5,5.52,,3
00-0037355,MIA,Braylon Sanders,WR,0.0,0.129,0.0,8.6,10.2,5.44,-0.25,3
00-0038092,MIA,Erik Ezukanma,WR,0.001,0.124,-0.01,7.9,9.9,5.59,-0.24,2
00-0032918,MIN,C.J. Ham,FB,0.017,0.11,0.01,6.6,8.9,5.59,-0.41,100
00-0029604,MIN,Kirk Cousins,QB,0.0,0.13,0.0,7.6,9.9,5.68,-0.33,3
00-0034972,MIN,Alexander Mattison,RB,0.07,0.215,-0.04,3.9,7.6,6.31,-0.34,127
00-0035311,MIN,Myles Gaskin,RB,0.005,0.135,0.02,3.7,7.7,6.39,-0.6,128
00-0036414,MIN,Cam Akers,RB,0.025,0.144,0.02,5.7,8.9,6.05,0.29,60
00-0036842,MIN,Kene Nwangwu,RB,0.0,0.13,0.0,7.1,9.5,5.8,-0.19,7
00-0037276,MIN,Ty Chandler,RB,0.024,0.113,0.01,5.4,8.6,6.18,0.61,12
00-0033246,MIN,Johnny Mundt,TE,0.018,0.138,0.04,5.8,8.5,5.86,0.28,40
00-0033720,MIN,Colin Thompson,TE,0.0,0.13,-0.02,7.8,9.9,5.52,,3
00-0034393,MIN,Troy Fumagalli,TE,0.0,0.132,-0.02,7.7,9.3,5.48,0.53,24
00-0035229,MIN,T.J. Hockenson,TE,0.197,0.13,0.02,7.5,7.5,4.97,-0.48,491
00-0035249,MIN,Josh Oliver,TE,0.039,0.202,0.01,6.9,9.5,5.66,-0.22,66
00-0035823,MIN,Ben Ellefson,TE,0.0,0.131,0.01,7.9,9.7,5.45,-0.11,8
00-0034646,MIN,Brandon Powell,WR,0.066,0.15,0.02,6.9,8.9,5.56,-0.37,101
00-0035624,MIN,N'Keal Harry,WR,0.003,0.128,-0.01,9.7,10.3,5.31,-0.83,118
00-0035934,MIN,Trishton Jackson,WR,0.007,0.192,-0.03,7.6,9.6,5.57,-0.26,4
00-0036322,MIN,Justin Jefferson,WR,0.213,0.133,0.02,10.1,10.0,5.13,-0.04,536
00-0036345,MIN,K.J. Osborn,WR,0.124,0.144,-0.02,8.5,9.1,5.19,-0.21,230
00-0037291,MIN,Jalen Nailor,WR,0.01,0.115,0.01,8.9,9.7,5.4,0.71,14
00-0038147,MIN,Daylen Baldwin,WR,0.0,0.13,0.03,8.3,9.7,5.37,-0.28,2
00-0038994,MIN,Jordan Addison,WR,0.182,0.174,0.02,10.8,10.4,4.98,-0.78,81
00-0038108,NE,Bailey Zappe,QB,0.0,0.13,0.0,7.5,9.9,5.73,-0.47,1
00-0033045,NE,Ezekiel Elliott,RB,0.066,0.098,-0.02,3.3,7.1,6.49,-0.37,412
00-0035806,NE,Jamycal Hasty,RB,0.004,0.12,-0.01,4.6,8.5,6.18,-0.49,70
00-0036875,NE,Rhamondre Stevenson,RB,0.129,0.094,-0.0,2.7,6.9,6.91,-0.49,161
00-0033090,NE,Hunter Henry,TE,0.115,0.112,0.01,8.5,7.8,4.97,-0.73,418
00-0033439,NE,Pharaoh Brown,TE,0.021,0.1,0.01,7.4,9.5,5.63,0.93,80
00-0034829,NE,Mike Gesicki,TE,0.089,0.151,-0.0,9.0,9.0,5.11,-0.87,408
00-0031547,NE,DeVante Parker,WR,0.093,0.064,0.0,10.7,10.5,5.08,-0.63,529
00-0032200,NE,Ty Montgomery,WR,0.023,0.146,-0.04,7.2,10.0,5.81,-0.42,135
00-0033307,NE,Kendrick Bourne,WR,0.116,0.115,0.04,9.3,11.2,5.14,0.46,409
00-0033857,NE,JuJu Smith-Schuster,WR,0.116,0.113,0.02,7.2,8.2,5.14,-0.09,655
00-0036387,NE,Jalen Reagor,WR,0.036,0.113,-0.03,9.6,11.8,5.53,-0.42,135
00-0038104,NE,Tyquan Thornton,WR,0.049,0.095,-0.07,10.6,12.5,5.57,-0.76,58
00-0038608,NE,Kayshon Boutte,WR,0.014,0.17,-0.04,9.9,10.5,5.48,0.02,7
00-0038621,NE,Demario Douglas,WR,0.129,0.076,0.02,7.4,10.3,6.27,0.24,54
00-0036727,NO,Adam Prentice,FB,0.005,0.116,0.0,7.4,9.7,5.7,-0.28,8
00-0031280,NO,Derek Carr,QB,0.0,0.13,0.0,7.5,9.9,5.69,-0.6,1
00-0033357,NO,Taysom Hill,QB,0.061,0.133,0.02,6.7,9.0,5.44,-0.56,99
00-0033906,NO,Alvin Kamara,RB,0.155,0.125,0.02,2.7,6.6,6.59,0.4,666
00-0033948,NO,Jamaal Williams,RB,0.026,0.096,0.03,5.3,8.3,6.1,-0.58,216
00-0034301,NO,Darrel Williams,RB,0.004,0.133,-0.01,4.1,8.3,6.5,0.95,125
00-0036383,NO,Eno Benjamin,RB,0.004,0.132,-0.03,3.4,7.5,6.68,0.61,43
00-0038551,NO,Kendre Miller,RB,0.021,0.087,0.02,5.8,8.7,6.12,1.76,10
00-0027696,NO,Jimmy Graham,TE,0.027,0.212,-0.01,7.8,9.0,5.29,-0.04,356
00-0032986,NO,J.P. Holtz,TE,0.0,0.13,0.02,7.1,9.4,5.69,1.21,9
00-0034981,NO,Foster Moreau,TE,0.056,0.141,-0.0,7.7,8.9,5.53,0.75,149
00-0036040,NO,Juwan Johnson,TE,0.086,0.168,-0.04,8.1,8.3,5.13,-0.36,128
00-0036173,NO,Tommy Hudson,TE,0.0,0.13,-0.04,7.5,9.8,5.62,0.18,6
00-0032765,NO,Michael Thomas,WR,0.137,0.139,-0.01,9.3,8.2,4.73,-0.86,685
00-0034317,NO,Keith Kirkwood,WR,0.013,0.16,-0.03,8.5,9.6,5.49,-0.47,43
00-0035844,NO,Kirk Merritt,WR,0.0,0.13,-0.02,9.0,10.9,5.46,0.11,3
00-0036219,NO,Marquez Callaway,WR,0.012,0.131,-0.04,10.6,10.2,4.99,-0.68,145
00-0036364,NO,Lynn Bowden,WR,0.012,0.103,-0.01,7.8,9.2,5.5,-0.68,42
00-0037239,NO,Chris Olave,WR,0.252,0.097,0.0,12.8,12.5,4.93,-0.56,230
00-0037545,NO,Rashid Shaheed,WR,0.109,0.104,0.01,12.0,14.3,6.12,-1.19,89
00-0038612,NO,A.T. Perry,WR,0.018,0.159,-0.04,9.5,9.4,5.46,-0.24,9
00-0028118,NYG,Tyrod Taylor,QB,0.0,0.13,-0.03,7.6,9.9,5.52,,1
00-0035710,NYG,Daniel Jones,QB,0.0,0.13,0.01,8.2,9.9,5.44,-0.01,1
00-0028063,NYG,Taiwan Jones,RB,0.0,0.13,-0.01,8.3,9.7,5.58,1.5,9
00-0033308,NYG,Matt Breida,RB,0.044,0.071,0.02,5.3,8.7,6.15,-0.85,151
00-0034844,NYG,Saquon Barkley,RB,0.126,0.094,-0.03,3.0,7.9,6.93,-0.52,385
00-0036493,NYG,Deon Jackson,RB,0.004,0.124,0.05,4.5,8.0,6.31,-0.15,40
00-0036569,NYG,Gary Brightwell,RB,0.017,0.12,-0.02,6.4,9.2,5.85,0.3,16
00-0037410,NYG,Jashaun Corbin,RB,0.007,0.113,0.03,7.3,9.5,5.7,-0.41,3
00-0038396,NYG,Eric Gray,RB,0.002,0.124,0.0,7.5,9.9,5.75,-0.22,1
00-0031610,NYG,Darren Waller,TE,0.14,0.126,0.0,8.9,8.7,5.07,-0.28,466
00-0035308,NYG,Tommy Sweeney,TE,0.0,0.129,0.01,7.5,9.2,5.43,-0.63,26
00-0035345,NYG,Chris Myarick,TE,0.001,0.135,0.01,7.0,9.1,5.44,0.25,14
00-0035356,NYG,Tyree Jackson,TE,0.0,0.13,-0.03,8.4,9.4,5.34,-0.15,7
00-0036145,NYG,Lawrence Cager,TE,0.021,0.149,0.0,7.3,9.1,5.46,0.11,32
00-0038115,NYG,Daniel Bellinger,TE,0.049,0.1,0.05,6.3,8.1,5.46,0.05,55
00-0029000,NYG,Cole Beasley,WR,0.011,0.128,0.01,6.8,7.8,5.03,-0.43,527
00-0032385,NYG,Sterling Shepard,WR,0.051,0.215,-0.01,8.2,9.2,5.19,-0.73,457
00-0035535,NYG,Darius Slayton,WR,0.151,0.064,-0.02,10.9,10.8,5.04,0.3,375
00-0035639,NYG,Parris Campbell,WR,0.103,0.125,0.0,6.6,8.9,5.46,-0.89,171
00-0035645,NYG,Gunner Olszewski,WR,0.001,0.129,0.01,8.0,9.8,5.5,-0.31,20
00-0036165,NYG,Isaiah Hodgins,WR,0.074,0.13,0.01,8.0,8.1,4.85,-0.33,84
00-0037570,NYG,Dennis Houston,WR,0.0,0.129,-0.05,8.9,10.5,5.43,-0.09,6
00-0038117,NYG,Wan'Dale Robinson,WR,0.118,0.087,0.03,5.8,7.3,5.29,-0.51,76
00-0038938,NYG,Jalin Hyatt,WR,0.079,0.054,0.06,16.2,14.0,5.7,-1.74,28
00-0034433,NYJ,Nick Bawden,FB,0.005,0.119,0.01,7.5,9.6,5.68,-0.05,9
00-0023459,NYJ,Aaron Rodgers,QB,0.0,0.13,0.0,7.6,9.9,5.64,-0.46,2
00-0037013,NYJ,Zach Wilson,QB,0.0,0.131,-0.0,7.9,9.9,5.52,,2
00-0033893,NYJ,Dalvin Cook,RB,0.065,0.102,-0.04,2.9,7.1,6.85,0.12,324
00-0038120,NYJ,Breece Hall,RB,0.134,0.094,0.01,3.0,6.9,6.55,0.86,88
00-0038389,NYJ,Israel Abanikanda,RB,0.005,0.118,-0.02,7.5,9.8,5.67,-0.01,2
00-0032134,NYJ,C.J. Uzomah,TE,0.048,0.157,0.02,6.8,8.4,5.45,0.16,249
00-0034270,NYJ,Tyler Conklin,TE,0.149,0.093,0.03,7.4,8.6,5.33,-0.26,278
00-0036510,NYJ,Kenny Yeboah,TE,0.0,0.13,0.02,8.7,9.6,5.48,-0.31,3
00-0037805,NYJ,Jeremy Ruckert,TE,0.041,0.099,-0.0,7.2,9.1,5.52,-0.65,19
00-0028002,NYJ,Randall Cobb,WR,0.059,0.157,-0.01,8.3,9.4,5.37,0.19,384
00-0033871,NYJ,Corey Davis,WR,0.017,0.124,0.0,11.4,10.0,4.88,-0.23,488
00-0034521,NYJ,Allen Lazard,WR,0.127,0.135,-0.03,10.8,9.9,5.01,-0.27,320
00-0035480,NYJ,Malik Taylor,WR,0.01,0.114,0.0,9.4,11.9,5.56,-0.08,13
00-0037055,NYJ,Lance McCutcheon,WR,0.0,0.131,-0.07,8.9,9.9,5.52,,5
00-0037740,NYJ,Garrett Wilson,WR,0.292,0.117,-0.02,10.3,9.9,5.0,-0.63,266
00-0038492,NYJ,Jason Brownlee,WR,0.005,0.118,0.02,7.9,9.6,5.4,0.03,2
00-0038496,NYJ,Xavier Gipson,WR,0.043,0.124,0.05,9.2,11.5,5.68,-0.56,17
00-0032268,PHI,Marcus Mariota,QB,0.0,0.13,0.01,8.0,9.9,5.45,0.27,2
00-0036389,PHI,Jalen Hurts,QB,0.0,0.13,-0.02,7.8,9.9,5.58,-0.13,2
00-0034414,PHI,Boston Scott,RB,0.01,0.103,0.01,6.0,9.0,6.03,0.19,94
00-0034750,PHI,Rashaad Penny,RB,0.004,0.133,-0.01,6.6,9.4,5.94,-0.0,37
00-0036275,PHI,D'Andre Swift,RB,0.099,0.125,-0.02,3.0,7.6,6.91,0.02,250
00-0036919,PHI,Kenneth Gainwell,RB,0.055,0.093,0.01,4.8,7.9,6.02,-0.32,119
00-0034351,PHI,Dallas Goedert,TE,0.121,0.135,0.03,6.7,8.2,5.44,0.69,434
00-0036005,PHI,Noah Togiai,TE,0.0,0.13,-0.03,7.9,9.9,5.52,,2
00-0036423,PHI,Albert Okwuegbunam,TE,0.025,0.125,0.01,7.0,9.5,5.54,0.82,74
00-0036741,PHI,Jack Stoll,TE,0.012,0.143,-0.01,7.3,8.8,5.36,-0.13,27
00-0037086,PHI,Grant Calcaterra,TE,0.0,0.137,-0.03,8.2,9.6,5.45,0.63,9
00-0027944,PHI,Julio Jones,WR,0.038,0.176,-0.0,10.1,11.3,5.14,-0.31,686
00-0033733,PHI,Greg Ward,WR,0.001,0.135,0.01,6.8,8.3,5.52,-1.26,134
00-0034104,PHI,Cam Sims,WR,0.003,0.136,-0.01,9.8,11.0,5.43,-0.09,105
00-0035208,PHI,Olamide Zaccheaus,WR,0.062,0.126,-0.0,9.9,10.2,5.21,-0.21,165
00-0035676,PHI,A.J. Brown,WR,0.285,0.126,-0.01,11.3,11.3,4.79,0.77,606
00-0036271,PHI,Quez Watkins,WR,0.059,0.117,0.0,9.7,12.6,5.98,-0.87,145
00-0036912,PHI,DeVonta Smith,WR,0.226,0.09,0.04,10.6,11.6,5.22,-0.69,359
00-0034614,PIT,Godwin Igwebuike,RB,0.0,0.128,-0.01,6.7,9.3,5.85,0.24,11
00-0035273,PIT,Qadree Ollison,RB,0.0,0.132,-0.01,7.0,9.2,5.53,-0.61,8
00-0036336,PIT,Anthony McFarland,RB,0.005,0.173,0.01,7.5,9.6,5.57,-0.02,14
00-0036893,PIT,Najee Harris,RB,0.087,0.094,0.0,3.7,7.3,6.38,-0.68,179
00-0037228,PIT,Jaylen Warren,RB,0.108,0.088,0.02,2.3,6.9,7.12,0.02,81
00-0035529,PIT,Hakeem Butler,TE,0.0,0.13,-0.02,7.9,9.9,5.52,,1
00-0036894,PIT,Pat Freiermuth,TE,0.115,0.164,0.01,7.5,8.1,5.25,-0.17,212
00-0037304,PIT,Connor Heyward,TE,0.065,0.122,-0.02,6.7,8.5,5.35,-0.32,46
00-0037451,PIT,Rod Williams,TE,0.004,0.118,-0.04,7.8,9.7,5.52,,2
00-0038558,PIT,Darnell Washington,TE,0.017,0.096,-0.0,6.9,9.0,5.55,0.13,7
00-0031428,PIT,Allen Robinson,WR,0.106,0.124,0.01,8.5,8.4,4.91,-1.23,576
00-0035216,PIT,Diontae Johnson,WR,0.208,0.121,-0.02,9.9,9.9,5.07,-0.78,638
00-0035703,PIT,Miles Boykin,WR,0.013,0.117,-0.01,8.9,9.9,5.24,-0.31,74
00-0036255,PIT,Denzel Mims,WR,0.004,0.12,-0.05,10.3,10.3,5.39,0.35,92
00-0036627,PIT,Dez Fitzpatrick,WR,0.0,0.131,0.0,9.2,9.7,5.31,-0.5,8
00-0036858,PIT,Jalen Camp,WR,0.0,0.13,0.01,8.0,9.9,5.45,-0.16,1
00-0037247,PIT,George Pickens,WR,0.194,0.097,0.01,12.1,9.9,4.96,-0.41,161
00-0037837,PIT,Calvin Austin,WR,0.073,0.054,0.0,9.8,11.4,5.7,-0.79,28
00-0030565,SEA,Geno Smith,QB,0.002,0.124,0.01,7.5,9.9,5.71,-0.25,1
00-0035704,SEA,Drew Lock,QB,0.0,0.13,0.01,7.6,9.9,5.49,0.06,1
00-0036425,SEA,DeeJay Dallas,RB,0.022,0.098,0.02,5.5,8.7,6.06,-0.4,70
00-0038134,SEA,Kenneth Walker,RB,0.053,0.078,-0.02,3.5,8.3,6.68,0.53,59
00-0039165,SEA,Zach Charbonnet,RB,0.067,0.074,0.02,3.4,7.7,6.86,-0.41,29
00-0034159,SEA,Will Dissly,TE,0.043,0.12,0.03,6.4,8.4,5.43,0.55,151
00-0035644,SEA,Noah Fant,TE,0.086,0.106,0.03,7.2,8.4,5.28,0.25,342
00-0036059,SEA,Tyler Mabry,TE,0.0,0.131,0.01,8.0,9.9,5.36,0.02,1
00-0036244,SEA,Colby Parkinson,TE,0.049,0.181,-0.01,7.7,9.0,5.17,0.19,70
00-0032211,SEA,Tyler Lockett,WR,0.213,0.112,0.04,10.1,10.3,4.93,-1.13,725
00-0035164,SEA,Cody Thompson,WR,0.002,0.124,0.01,8.0,9.9,5.47,0.01,1
00-0035640,SEA,DK Metcalf,WR,0.236,0.179,-0.03,11.6,10.2,4.93,-0.17,624
00-0035891,SEA,Cody White,WR,0.0,0.129,0.02,7.7,9.7,5.49,-0.39,7
00-0036080,SEA,Easop Winston,WR,0.0,0.13,0.01,7.6,9.9,5.7,-0.1,1
00-0036620,SEA,D'Wayne Eskridge,WR,0.017,0.14,-0.06,8.0,10.5,5.64,-0.32,34
00-0036810,SEA,Cade Johnson,WR,0.0,0.128,0.0,8.4,9.4,5.38,-0.43,7
00-0037093,SEA,Dareke Young,WR,0.0,0.129,0.02,7.6,9.7,5.56,0.27,3
00-0038543,SEA,Jaxon Smith-Njigba,WR,0.167,0.109,-0.02,6.7,9.9,6.37,-0.48,68
00-0038752,SEA,Jake Bobo,WR,0.043,0.169,0.03,7.4,9.3,5.5,-0.12,19
00-0029892,SF,Kyle Juszczyk,FB,0.038,0.168,0.03,6.7,8.9,5.36,0.34,214
00-0032434,SF,Brandon Allen,QB,0.0,0.13,-0.02,8.0,9.9,5.52,,1
00-0033280,SF,Christian McCaffrey,RB,0.162,0.166,0.03,3.2,6.9,6.32,0.76,631
00-0033567,SF,Brian Hill,RB,0.001,0.128,0.02,4.9,7.5,5.76,0.15,48
00-0033955,SF,Jeremy McNichols,RB,0.003,0.136,-0.03,3.8,7.4,6.43,0.57,55
00-0036567,SF,Elijah Mitchell,RB,0.02,0.176,0.01,5.4,8.7,6.06,-0.09,42
00-0037525,SF,Jordan Mason,RB,0.005,0.118,-0.02,7.8,9.6,5.47,0.15,2
00-0037827,SF,Tyrion Davis-Price,RB,0.0,0.13,-0.05,7.5,9.6,5.52,,2
00-0033288,SF,George Kittle,TE,0.19,0.152,0.03,8.0,8.9,5.34,1.42,652
00-0034073,SF,Ross Dwelley,TE,0.009,0.138,0.02,8.2,9.8,5.41,0.36,60
00-0036429,SF,Charlie Woerner,TE,0.004,0.118,-0.0,8.1,9.7,5.45,-0.14,14
00-0037112,SF,Jake Tonges,TE,0.0,0.13,-0.02,8.2,9.9,5.52,,1
00-0030663,SF,Willie Snead,WR,0.03,0.139,0.01,8.1,8.8,5.06,0.13,239
00-0032128,SF,Chris Conley,WR,0.004,0.122,-0.01,9.5,10.1,5.17,0.14,268
00-0034407,SF,Ray-Ray McCloud,WR,0.04,0.106,-0.01,7.7,9.9,5.51,-0.18,131
00-0035719,SF,Deebo Samuel,WR,0.177,0.139,-0.04,6.6,9.2,5.9,2.74,444
00-0036259,SF,Jauan Jennings,WR,0.092,0.092,-0.04,9.0,9.2,5.06,0.08,140
00-0036261,SF,Brandon Aiyuk,WR,0.212,0.109,0.03,11.2,8.9,4.86,0.58,391
00-0037828,SF,Danny Gray,WR,0.0,0.127,-0.07,10.8,12.0,5.44,0.05,7
00-0038647,SF,Ronnie Bell,WR,0.013,0.144,0.02,8.4,9.7,5.56,-0.35,5
00-0034855,TB,Baker Mayfield,QB,0.0,0.13,0.01,7.4,9.9,5.67,-0.66,3
00-0034681,TB,Chase Edmonds,RB,0.033,0.117,-0.01,4.8,8.1,6.14,0.13,197
00-0035342,TB,Patrick Laird,RB,0.0,0.131,0.02,6.0,8.6,5.75,0.02,45
00-0036450,TB,Ke'Shawn Vaughn,RB,0.012,0.136,-0.05,6.7,9.2,5.62,-0.32,30
00-0037256,TB,Rachaad White,RB,0.117,0.133,0.07,2.5,6.8,6.9,0.59,115
00-0038951,TB,Sean Tucker,RB,0.005,0.118,0.01,7.4,9.6,5.72,-0.25,2
00-0034575,TB,David Wells,TE,0.005,0.118,0.01,7.5,9.6,5.6,-1.07,2
00-0036456,TB,Dominique Dafney,TE,0.0,0.129,-0.05,7.9,10.6,5.54,0.76,8
00-0037311,TB,Ko Kieft,TE,0.012,0.127,-0.03,8.0,9.5,5.31,0.19,14
00-0038129,TB,Cade Otton,TE,0.117,0.18,0.01,6.7,8.1,5.01,0.04,121
00-0039050,TB,Payne Durham,TE,0.015,0.139,-0.0,8.0,9.5,5.28,-0.08,6
00-0031408,TB,Mike Evans,WR,0.229,0.122,0.01,12.7,11.2,4.66,-0.2,899
00-0033589,TB,David Moore,WR,0.03,0.186,-0.01,9.1,11.9,5.81,-0.17,141
00-0033921,TB,Chris Godwin,WR,0.206,0.146,0.01,7.6,8.3,5.31,-0.22,754
00-0034411,TB,Russell Gage,WR,0.02,0.158,-0.0,7.2,7.9,5.08,-0.76,365
00-0037487,TB,Deven Thompkins,WR,0.053,0.152,-0.0,7.9,11.0,5.97,-0.9,32
00-0038821,TB,Rakim Jarrett,WR,0.023,0.09,-0.03,9.8,12.0,5.54,0.17,9
00-0039052,TB,Trey Palmer,WR,0.122,0.068,-0.05,9.6,10.8,5.4,-1.63,48
00-0029701,TEN,Ryan Tannehill,QB,0.0,0.13,0.01,7.2,9.8,5.76,-0.82,3
00-0032764,TEN,Derrick Henry,RB,0.082,0.108,0.0,3.0,7.5,6.63,1.74,193
00-0035924,TEN,Jonathan Ward,RB,0.0,0.131,-0.0,7.4,9.7,5.65,-0.19,8
00-0037594,TEN,Julius Chestnut,RB,0.0,0.129,0.02,7.4,9.5,5.63,0.82,3
00-0037617,TEN,Hassan Haskins,RB,0.002,0.123,0.05,5.6,8.7,6.11,-0.86,12
00-0039032,TEN,Tyjae Spears,RB,0.134,0.115,-0.02,3.0,8.3,7.08,-0.35,46
00-0034193,TEN,Kevin Rader,TE,0.0,0.13,-0.01,7.6,9.6,5.55,-0.38,4
00-0035259,TEN,Trevon Wesco,TE,0.009,0.13,-0.03,7.6,9.5,5.47,0.37,17
00-0037809,TEN,Chigoziem Okonkwo,TE,0.143,0.1,0.01,7.8,9.2,5.31,-0.03,100
00-0038589,TEN,Josh Whyle,TE,0.043,0.217,-0.01,8.6,9.2,5.33,0.12,15
00-0030564,TEN,DeAndre Hopkins,WR,0.248,0.129,0.0,11.9,10.3,4.85,-0.92,934
00-0032398,TEN,Chris Moore,WR,0.081,0.106,0.04,10.2,11.2,5.84,-0.58,187
00-0036176,TEN,Mason Kinsey,WR,0.0,0.13,0.01,7.9,9.9,5.49,-0.22,1
00-0036182,TEN,Nick Westbrook-Ikhine,WR,0.112,0.135,-0.01,10.4,10.8,4.96,0.08,157
00-0036572,TEN,Shi Smith,WR,0.013,0.128,-0.05,7.7,9.1,5.54,0.48,52
00-0037273,TEN,Kyle Philips,WR,0.051,0.09,0.02,8.1,9.5,5.66,-0.36,32
00-0037742,TEN,Treylon Burks,WR,0.08,0.093,-0.0,11.5,12.6,5.67,-0.61,72
00-0038632,TEN,Colton Dowell,WR,0.003,0.124,-0.01,9.0,9.9,5.52,,1
00-0033119,WAS,Jacoby Brissett,QB,0.0,0.13,0.01,7.8,9.9,5.46,-0.07,1
00-0032975,WAS,Jonathan Williams,RB,0.001,0.127,-0.01,6.1,8.9,5.8,-0.24,26
00-0033296,WAS,Alex Armah,RB,0.005,0.128,-0.01,7.1,9.5,5.78,-0.42,15
00-0035715,WAS,Derrick Gore,RB,0.0,0.131,0.03,6.5,10.2,6.14,0.8,9
00-0036328,WAS,Antonio Gibson,RB,0.094,0.106,0.03,3.3,8.0,6.75,-0.01,201
00-0037746,WAS,Brian Robinson,RB,0.064,0.117,0.0,3.2,7.6,6.68,2.48,48
00-0038611,WAS,Chris Rodriguez,RB,0.002,0.124,0.01,7.6,9.9,5.67,-0.01,1
00-0031260,WAS,Logan Thomas,TE,0.124,0.125,-0.01,7.1,8.4,5.16,-0.22,323
00-0034988,WAS,Kaden Smith,TE,0.001,0.131,0.04,6.4,8.5,5.58,-0.73,66
00-0035102,WAS,Brandon Dillon,TE,0.0,0.13,0.01,7.9,9.9,5.48,-0.16,1
00-0036628,WAS,John Bates,TE,0.04,0.096,0.0,7.1,9.2,5.56,-0.64,67
00-0037078,WAS,Cole Turner,TE,0.027,0.177,-0.02,7.7,9.0,5.33,-0.04,24
00-0037168,WAS,Armani Rogers,TE,0.0,0.128,0.01,7.0,9.3,5.73,0.89,6
00-0031941,WAS,Jamison Crowder,WR,0.055,0.108,0.02,7.5,8.5,5.24,-0.19,465
00-0033282,WAS,Curtis Samuel,WR,0.146,0.136,0.03,7.4,9.5,5.68,-1.04,462
00-0033481,WAS,Marcus Kemp,WR,0.0,0.129,-0.02,8.4,9.9,5.43,0.0,9
00-0034297,WAS,Byron Pringle,WR,0.045,0.083,0.03,9.9,10.2,5.17,-0.56,154
00-0035659,WAS,Terry McLaurin,WR,0.213,0.096,0.0,10.9,11.1,5.24,-0.64,583
00-0036626,WAS,Dyami Brown,WR,0.041,0.105,-0.02,11.9,12.2,5.23,0.51,61
00-0036671,WAS,Dax Milne,WR,0.001,0.139,0.01,7.7,9.0,5.26,-0.32,21
00-0037741,WAS,Jahan Dotson,WR,0.142,0.126,-0.04,9.4,9.8,4.9,-1.01,134
